{
  "project_info": {
    "project_number": "368783859248",
    "firebase_url": "https://messagingapp-912e9.firebaseio.com",
    "project_id": "messagingapp-912e9",
    "storage_bucket": "messagingapp-912e9.appspot.com"
  },
  "client": [
    {
      "client_info": {
        "mobilesdk_app_id": "1:368783859248:android:631740afb7476129",
        "android_client_info": {
          "package_name": "com.example.chat1"
        }
      },
      "oauth_client": [
        {
          "client_id": "368783859248-tmb39lm5hctb1s3mr7qfnie9of4uke89.apps.googleusercontent.com",
          "client_type": 1,
          "android_info": {
            "package_name": "com.example.chat1",
            "certificate_hash": "4bc0a34c6a73efe4c8a3007dc0216c22b813433f"
          }
        },
        {
          "client_id": "368783859248-ke77l7pjesphr0l4v2o6cfriv5q466lk.apps.googleusercontent.com",
          "client_type": 3
        }
      ],
      "api_key": [
        {
          "current_key": "AIzaSyC65utL0YUYbDL9dmx14I-Yzv8Fd5M62Ic"
        }
      ],
      "services": {
        "appinvite_service": {
          "other_platform_oauth_client": [
            {
              "client_id": "368783859248-ke77l7pjesphr0l4v2o6cfriv5q466lk.apps.googleusercontent.com",
              "client_type": 3
            }
          ]
        }
      }
    },
    {
      "client_info": {
        "mobilesdk_app_id": "1:368783859248:android:6fa3f680eba8ddd1",
        "android_client_info": {
          "package_name": "com.example.messagingapp"
        }
      },
      "oauth_client": [
        {
          "client_id": "368783859248-i67evqvsbvof9ncnqi94s0oksvc9bk67.apps.googleusercontent.com",
          "client_type": 1,
          "android_info": {
            "package_name": "com.example.messagingapp",
            "certificate_hash": "add1de4665e42a2ff6d15b8bc7a5e6ea8bc46400"
          }
        },
        {
          "client_id": "368783859248-ke77l7pjesphr0l4v2o6cfriv5q466lk.apps.googleusercontent.com",
          "client_type": 3
        }
      ],
      "api_key": [
        {
          "current_key": "AIzaSyC65utL0YUYbDL9dmx14I-Yzv8Fd5M62Ic"
        }
      ],
      "services": {
        "appinvite_service": {
          "other_platform_oauth_client": [
            {
              "client_id": "368783859248-ke77l7pjesphr0l4v2o6cfriv5q466lk.apps.googleusercontent.com",
              "client_type": 3
            }
          ]
        }
      }
    },
    {
      "client_info": {
        "mobilesdk_app_id": "1:368783859248:android:13c3c6a65bcbec53",
        "android_client_info": {
          "package_name": "com.example.myapplication"
        }
      },
      "oauth_client": [
        {
          "client_id": "368783859248-ke77l7pjesphr0l4v2o6cfriv5q466lk.apps.googleusercontent.com",
          "client_type": 3
        }
      ],
      "api_key": [
        {
          "current_key": "AIzaSyC65utL0YUYbDL9dmx14I-Yzv8Fd5M62Ic"
        }
      ],
      "services": {
        "appinvite_service": {
          "other_platform_oauth_client": [
            {
              "client_id": "368783859248-ke77l7pjesphr0l4v2o6cfriv5q466lk.apps.googleusercontent.com",
              "client_type": 3
            }
          ]
        }
      }
    }
  ],
  "configuration_version": "1"
}